id,name,model_id:id,group_id:id,perm_read,perm_write,perm_create,perm_unlink
hospital.access_hospital_doctor,access_hospital_doctor,hospital.model_hospital_doctor,base.group_user,1,1,1,1
hospital.access_hospital_patient,access_hospital_patient,hospital.model_hospital_patient,base.group_user,1,1,1,1
hospital.access_hospital_doctor_skill,access_hospital_doctor_skill,hospital.model_hospital_doctor_skill,base.group_user,1,1,1,1
hospital.access_appointment_prescription_lines,access_appointment_prescription_lines,hospital.model_appointment_prescription_lines,base.group_user,1,1,1,1
hospital.access_hospital_appointment,access_hospital_appointment,hospital.model_hospital_appointment,base.group_user,1,1,1,1
access_hospital_appointment_report,hospital_appointment_report,model_hospital_appointment_report,base.group_user,1,1,1,1
access_patient_appoitment,access.patient.appoitment,model_patient_appoitment,base.group_user,1,1,1,1
hospital.access_patient_id_card,access_patient_id_card,hospital.model_patient_id_card,base.group_user,1,1,1,1
