<?xml version="1.0" encoding="utf-8"?>
<odoo>
    <record id="partner_demo_portal_traning" model="res.partner">
        <field name="name">TEST PARTNER</field>
    </record>
    <record id="portal_sale_order_1562" model="sale.order">
        <field name="partner_id" ref="hospital.partner_demo_portal_traning"/>
        <field name="partner_invoice_id" ref="base.partner_demo_portal"/>
        <field name="partner_shipping_id" ref="base.partner_demo_portal"/>
        <field name="user_id" ref="base.user_admin"/>
        <field name="pricelist_id" ref="product.list0"/>
        <field name="state">sent</field>
        <field name="team_id" ref="sales_team.team_sales_department"/>
        <field name="date_order" eval="(DateTime.today() - relativedelta(months=1)).strftime('%Y-%m-%d %H:%M')"/>
        <field name="message_partner_ids" eval="[(4, ref('base.partner_demo_portal'))]"/>
        <field name="tag_ids" eval="[(4, ref('sales_team.categ_oppor4'))]"/>
        <field name="picking_policy">direct</field>
    </record>
    <record id="sale_order_line_12356" model="sale.order.line">
        <field name="order_id" ref="portal_sale_order_1562"/>
        <field name="name" model="sale.order.line" eval="obj().env.ref('product.product_product_25').get_product_multiline_description_sale()"/>
        <field name="product_id" ref="product.product_product_25"/>
        <field name="product_uom_qty">3</field>
        <field name="product_uom" ref="uom.product_uom_unit"/>
        <field name="price_unit">295.00</field>
    </record>
    <record id="sale_order_line_123566" model="sale.order.line">
        <field name="order_id" ref="portal_sale_order_1562"/>
        <field name="name" model="sale.order.line" eval="obj().env.ref('product.product_product_25').get_product_multiline_description_sale()"/>
        <field name="product_id" ref="product.product_delivery_02"/>
        <field name="product_uom_qty">8</field>
        <field name="product_uom" ref="uom.product_uom_unit"/>
        <field name="price_unit">32233.00</field>
    </record>


</odoo>
